{
    "HRBUS": [
        {
            "Key": "IDL",
            "Value": 1
        },
        {
            "Key": "出貨組",
            "Value": 2
        },
        {
            "Key": "原料組",
            "Value": 3
        },
        {
            "Key": "特殊倉",
            "Value": 5
        },
        {
            "Key": "帳務組",
            "Value": 3
        },
        {
            "Key": "IDL日班應出勤人數",
            "Value": 1
        },
        {
            "Key": "IDL夜班應出勤人數",
            "Value": 0
        },
        {
            "Key": "出貨組日班應出勤人數",
            "Value": 3
        },
        {
            "Key": "出貨組夜班應出勤人數",
            "Value": 1
        },
        {
            "Key": "原料組日班應出勤人數",
            "Value": 4
        },
        {
            "Key": "原料組夜班應出勤人數",
            "Value": 1
        },
        {
            "Key": "特殊倉日班應出勤人數",
            "Value": 5
        },
        {
            "Key": "特殊倉夜班應出勤人數",
            "Value": 0
        },
        {
            "Key": "帳務組日班應出勤人數",
            "Value": 3
        },
        {
            "Key": "帳務組夜班應出勤人數",
            "Value": 0
        },
        {
            "Key": "ALL 出勤人數",
            "Value": 14
        },
        {
            "Key": "ALL 日班應出勤人數",
            "Value": 16
        },
        {
            "Key": "ALL 夜班應出勤人數",
            "Value": 2
        },
        {
            "Key": "L8B未卸櫃數",
            "Value": 15
        },
        {
            "Key": "BUS_LIGHT",
            "Value": "RED"
        }
    ],
    "timestamp": "2025-03-06 15:47:46"
}